n,TP,FP,TN,FN,precision,recall,F1,FPR,accuracy,set,seed,file,detector
40.0,0.0,0.0,0.0,40.0,,0.0,,,0.0,attack,1,attack_bflids_s1.csv,bflids_cnn
40.0,0.0,0.0,0.0,40.0,,0.0,,,0.0,attack,1,attack_flids_s1.csv,flids_classifier
49.0,40.0,9.0,0.0,0.0,0.8163265306122449,1.0,0.898876404494382,1.0,0.8163265306122449,attack,1,attack_flids_s1.csv,wasi_fixed
49.0,40.0,9.0,0.0,0.0,0.8163265306122449,1.0,0.898876404494382,1.0,0.8163265306122449,attack,1,attack_flids_s1.csv,flids_fused
49.0,1.0,4.0,5.0,39.0,0.2,0.025,0.04444444444444445,0.4444444444444444,0.12244897959183673,attack,1,attack_flids_s1.csv,wasi_perflow
40.0,0.0,0.0,0.0,40.0,,0.0,,,0.0,attack,2,attack_bflids_s2.csv,bflids_cnn
40.0,0.0,0.0,0.0,40.0,,0.0,,,0.0,attack,2,attack_flids_s2.csv,flids_classifier
49.0,40.0,9.0,0.0,0.0,0.8163265306122449,1.0,0.898876404494382,1.0,0.8163265306122449,attack,2,attack_flids_s2.csv,wasi_fixed
49.0,40.0,9.0,0.0,0.0,0.8163265306122449,1.0,0.898876404494382,1.0,0.8163265306122449,attack,2,attack_flids_s2.csv,flids_fused
49.0,1.0,3.0,6.0,39.0,0.25,0.025,0.045454545454545456,0.3333333333333333,0.14285714285714285,attack,2,attack_flids_s2.csv,wasi_perflow
40.0,0.0,0.0,0.0,40.0,,0.0,,,0.0,attack,3,attack_bflids_s3.csv,bflids_cnn
40.0,0.0,0.0,0.0,40.0,,0.0,,,0.0,attack,3,attack_flids_s3.csv,flids_classifier
49.0,40.0,8.0,1.0,0.0,0.8333333333333334,1.0,0.9090909090909091,0.8888888888888888,0.8367346938775511,attack,3,attack_flids_s3.csv,wasi_fixed
49.0,40.0,8.0,1.0,0.0,0.8333333333333334,1.0,0.9090909090909091,0.8888888888888888,0.8367346938775511,attack,3,attack_flids_s3.csv,flids_fused
49.0,0.0,4.0,5.0,40.0,0.0,0.0,,0.4444444444444444,0.10204081632653061,attack,3,attack_flids_s3.csv,wasi_perflow
40.0,0.0,0.0,0.0,40.0,,0.0,,,0.0,attack,4,attack_bflids_s4.csv,bflids_cnn
40.0,0.0,0.0,0.0,40.0,,0.0,,,0.0,attack,4,attack_flids_s4.csv,flids_classifier
49.0,39.0,9.0,0.0,1.0,0.8125,0.975,0.8863636363636362,1.0,0.7959183673469388,attack,4,attack_flids_s4.csv,wasi_fixed
49.0,39.0,9.0,0.0,1.0,0.8125,0.975,0.8863636363636362,1.0,0.7959183673469388,attack,4,attack_flids_s4.csv,flids_fused
49.0,1.0,4.0,5.0,39.0,0.2,0.025,0.04444444444444445,0.4444444444444444,0.12244897959183673,attack,4,attack_flids_s4.csv,wasi_perflow
40.0,0.0,0.0,40.0,0.0,,,,0.0,1.0,benign,1,benign_bflids_s1.csv,bflids_cnn
40.0,0.0,0.0,40.0,0.0,,,,0.0,1.0,benign,1,benign_flids_s1.csv,flids_classifier
49.0,0.0,49.0,0.0,0.0,0.0,,,1.0,0.0,benign,1,benign_flids_s1.csv,wasi_fixed
49.0,0.0,49.0,0.0,0.0,0.0,,,1.0,0.0,benign,1,benign_flids_s1.csv,flids_fused
49.0,0.0,1.0,48.0,0.0,0.0,,,0.02040816326530612,0.9795918367346939,benign,1,benign_flids_s1.csv,wasi_perflow
40.0,0.0,0.0,40.0,0.0,,,,0.0,1.0,benign,2,benign_bflids_s2.csv,bflids_cnn
40.0,0.0,0.0,40.0,0.0,,,,0.0,1.0,benign,2,benign_flids_s2.csv,flids_classifier
49.0,0.0,49.0,0.0,0.0,0.0,,,1.0,0.0,benign,2,benign_flids_s2.csv,wasi_fixed
49.0,0.0,49.0,0.0,0.0,0.0,,,1.0,0.0,benign,2,benign_flids_s2.csv,flids_fused
49.0,0.0,1.0,48.0,0.0,0.0,,,0.02040816326530612,0.9795918367346939,benign,2,benign_flids_s2.csv,wasi_perflow
40.0,0.0,0.0,40.0,0.0,,,,0.0,1.0,benign,3,benign_bflids_s3.csv,bflids_cnn
40.0,0.0,0.0,40.0,0.0,,,,0.0,1.0,benign,3,benign_flids_s3.csv,flids_classifier
49.0,0.0,49.0,0.0,0.0,0.0,,,1.0,0.0,benign,3,benign_flids_s3.csv,wasi_fixed
49.0,0.0,49.0,0.0,0.0,0.0,,,1.0,0.0,benign,3,benign_flids_s3.csv,flids_fused
49.0,0.0,1.0,48.0,0.0,0.0,,,0.02040816326530612,0.9795918367346939,benign,3,benign_flids_s3.csv,wasi_perflow
40.0,0.0,0.0,40.0,0.0,,,,0.0,1.0,benign,4,benign_bflids_s4.csv,bflids_cnn
40.0,0.0,0.0,40.0,0.0,,,,0.0,1.0,benign,4,benign_flids_s4.csv,flids_classifier
49.0,0.0,49.0,0.0,0.0,0.0,,,1.0,0.0,benign,4,benign_flids_s4.csv,wasi_fixed
49.0,0.0,49.0,0.0,0.0,0.0,,,1.0,0.0,benign,4,benign_flids_s4.csv,flids_fused
49.0,0.0,2.0,47.0,0.0,0.0,,,0.04081632653061224,0.9591836734693877,benign,4,benign_flids_s4.csv,wasi_perflow
