set,detector,precision_mean,precision_std,recall_mean,recall_std,F1_mean,F1_std,FPR_mean,FPR_std,accuracy_mean,accuracy_std,windows,seeds,pooled_precision,pooled_recall,pooled_FPR
attack,bflids_cnn,,,0.0,0.0,,,0.0,0.0,0.9181466247125505,0.003591974758400439,1087,4,,0.0,0.0
attack,flids_classifier,,,0.0,0.0,,,0.0,0.0,0.9204874950645997,0.003509460803073746,1119,4,,0.0,0.0
attack,flids_fused,0.07280535138151031,0.0031525565752603866,1.0,0.0,0.13571684966892936,0.0054728886999206045,0.9332916735129771,0.009704962019278531,0.13044002185746734,0.008792802419364469,1303,4,0.07283142389525368,1.0,0.9332784184514004
attack,wasi_fixed,0.07280535138151031,0.0031525565752603866,1.0,0.0,0.13571684966892936,0.0054728886999206045,0.9332916735129771,0.009704962019278531,0.13044002185746734,0.008792802419364469,1303,4,0.07283142389525368,1.0,0.9332784184514004
attack,wasi_perflow,0.01917216685263284,0.010138909315435136,0.09902597402597402,0.049496474509423675,0.032121785285974445,0.016837886450828458,0.37559872548220596,0.002056000766288989,0.5886430289623436,0.0007465523170580707,1303,4,0.01935483870967742,0.10112359550561797,0.3756177924217463
benign,bflids_cnn,,,,,,,0.0,0.0,1.0,0.0,1081,4,,,0.0
benign,flids_classifier,,,,,,,0.0,0.0,1.0,0.0,1113,4,,,0.0
benign,flids_fused,0.0,0.0,,,,,0.9557585088731165,0.011132976703391584,0.0442414911268835,0.011132976703391605,1289,4,0.0,,0.9557796741660202
benign,wasi_fixed,0.0,0.0,,,,,0.9557585088731165,0.011132976703391584,0.0442414911268835,0.011132976703391605,1289,4,0.0,,0.9557796741660202
benign,wasi_perflow,0.0,0.0,,,,,0.29149585763134966,0.01689712514571319,0.7085041423686504,0.016897125145713184,1289,4,0.0,,0.2916989914662529
